ชื่อคูปอง,คำอธิบาย,ปุ่ม,ลิงก์เงื่อนไข
โค้ดส่วนลด,,,
โค้ดส่วนลด,,,
โค้ดส่วนลด,,,
โค้ดส่วนลด,,,
โค้ดส่วนลด,,,
โค้ดส่วนลด,,,
โค้ดส่วนลด,,,
โค้ดส่วนลด,,,
โค้ดส่วนลด,,,
โค้ดส่วนลด,,,
โค้ดส่วนลด,,,
โค้ดส่วนลด,,,
โค้ดส่วนลด,,,
โค้ดส่วนลด,,,
โค้ดส่วนลด,,,
โค้ดส่วนลด,,,
โค้ดส่งฟรี*,,,
โค้ดส่งฟรี*,,,
โค้ดส่งฟรี*,,,
โค้ดส่วนลด,,,
โค้ดส่วนลด,,,
โค้ดส่วนลด,,,
โค้ดส่วนลด,,,
โค้ดส่วนลด,,,
โค้ดส่วนลด,,,
โค้ดส่วนลด,,,
โค้ดส่วนลด,,,
โค้ดส่วนลด,,,
โค้ดส่วนลด,,,
โค้ดส่วนลด,,,
โค้ดส่วนลด,,,
โค้ดส่วนลด,,,
โค้ดส่วนลด,,,
โค้ดส่วนลด,,,
โค้ดส่วนลด,,,
โค้ดส่วนลด,,,
โค้ดส่วนลด,,,
โค้ดส่วนลด,,,
โค้ดส่วนลด,,,
โค้ดส่วนลด,,,
โค้ดส่วนลด,,,
โค้ดส่วนลด,,,
โค้ดส่งฟรี*,,,
โค้ดส่วนลด,,,
โค้ดส่งฟรี*,,,
โค้ดส่งฟรี*,,,
โค้ดส่งฟรี*,,,
โค้ดส่วนลด,,,
โค้ดส่งฟรี*,,,
โค้ดส่วนลด,,,
