ชื่อคูปอง,คำอธิบาย,ชื่อร้านค้า,ลิงก์เงื่อนไข
โค้ดส่วนลด,,shop_icon,
โค้ดส่วนลด,,shop_icon,
โค้ดส่วนลด,,shop_icon,
โค้ดส่วนลด,,shop_icon,
โค้ดส่วนลด,,shop_icon,
โค้ดส่วนลด,,shop_icon,
โค้ดส่วนลด,,shop_icon,
โค้ดส่วนลด,,shop_icon,
โค้ดส่วนลด,,shop_icon,
โค้ดส่วนลด,,shop_icon,
โค้ดส่วนลด,,shop_icon,
โค้ดส่วนลด,,shop_icon,
โค้ดส่วนลด,,shop_icon,
โค้ดส่วนลด,,shop_icon,
โค้ดส่วนลด,,shop_icon,
โค้ดส่วนลด,,shop_icon,
โค้ดส่งฟรี*,,shop_icon,
โค้ดส่งฟรี*,,shop_icon,
โค้ดส่งฟรี*,,shop_icon,
โค้ดส่วนลด,,shop_icon,
โค้ดส่วนลด,,shop_icon,
โค้ดส่วนลด,,shop_icon,
โค้ดส่วนลด,,shop_icon,
โค้ดส่วนลด,,shop_icon,
โค้ดส่วนลด,,shop_icon,
โค้ดส่วนลด,,shop_icon,
โค้ดส่วนลด,,shop_icon,
โค้ดส่วนลด,,shop_icon,
โค้ดส่วนลด,,shop_icon,
โค้ดส่วนลด,,shop_icon,
โค้ดส่วนลด,,shop_icon,
โค้ดส่วนลด,,shop_icon,
โค้ดส่วนลด,,shop_icon,
โค้ดส่วนลด,,shop_icon,
โค้ดส่วนลด,,shop_icon,
โค้ดส่วนลด,,shop_icon,
โค้ดส่วนลด,,shop_icon,
โค้ดส่วนลด,,shop_icon,
โค้ดส่วนลด,,shop_icon,
โค้ดส่วนลด,,shop_icon,
โค้ดส่วนลด,,shop_icon,
โค้ดส่งฟรี*,,shop_icon,
โค้ดส่วนลด,,shop_icon,
โค้ดส่งฟรี*,,shop_icon,
โค้ดส่งฟรี*,,shop_icon,
โค้ดส่งฟรี*,,shop_icon,
โค้ดส่วนลด,,shop_icon,
โค้ดส่งฟรี*,,shop_icon,
โค้ดส่วนลด,,shop_icon,
โค้ดส่วนลด,,shop_icon,
